Bin Id	Marker lineage	# genomes	# markers	# marker sets	0	1	2	3	4	5+	Completeness	Contamination	Strain heterogeneity
SRR20081432_assembly	f__Enterobacteriaceae (UID5139)	119	1169	340	1	1165	3	0	0	0	99.71	0.15	0.00
SRR20081443_assembly	f__Enterobacteriaceae (UID5139)	119	1169	340	1	1165	3	0	0	0	99.71	0.15	0.00
SRR20097108_assembly	f__Enterobacteriaceae (UID5139)	119	1169	340	1	1166	2	0	0	0	99.71	0.07	0.00
SRR20097124_assembly	f__Enterobacteriaceae (UID5139)	119	1169	340	1	1165	3	0	0	0	99.71	0.15	0.00
SRR20110353_assembly	f__Enterobacteriaceae (UID5139)	119	1169	340	1	1166	2	0	0	0	99.71	0.07	0.00
SRR2015692_assembly	f__Enterobacteriaceae (UID5139)	119	1169	340	1	1166	2	0	0	0	99.71	0.07	0.00
SRR20210775_assembly	f__Enterobacteriaceae (UID5139)	119	1169	340	1	1165	3	0	0	0	99.71	0.12	33.33
SRR20220031_assembly	f__Enterobacteriaceae (UID5139)	119	1169	340	1	1166	2	0	0	0	99.71	0.07	0.00
SRR20289200_assembly	f__Enterobacteriaceae (UID5139)	119	1169	340	1	1165	3	0	0	0	99.71	0.15	0.00
SRR20324977_assembly	f__Enterobacteriaceae (UID5139)	119	1169	340	1	1166	2	0	0	0	99.71	0.07	0.00
SRR20324982_assembly	f__Enterobacteriaceae (UID5139)	119	1169	340	1	1166	2	0	0	0	99.71	0.07	0.00
SRR20363507_assembly	f__Enterobacteriaceae (UID5139)	119	1169	340	1	1166	2	0	0	0	99.71	0.07	0.00
SRR2043689_assembly	f__Enterobacteriaceae (UID5139)	119	1169	340	1	1166	2	0	0	0	99.71	0.07	0.00
SRR2043690_assembly	f__Enterobacteriaceae (UID5139)	119	1169	340	1	1166	2	0	0	0	99.71	0.07	0.00
SRR2054167_assembly	f__Enterobacteriaceae (UID5139)	119	1169	340	1	1166	2	0	0	0	99.71	0.07	0.00
SRR20627744_assembly	f__Enterobacteriaceae (UID5139)	119	1169	340	1	1165	3	0	0	0	99.71	0.15	0.00
SRR20634176_assembly	f__Enterobacteriaceae (UID5139)	119	1169	340	1	1166	2	0	0	0	99.71	0.07	0.00
SRR2064127_assembly	f__Enterobacteriaceae (UID5139)	119	1169	340	44	1122	3	0	0	0	97.57	0.15	0.00
SRR20694300_assembly	f__Enterobacteriaceae (UID5139)	119	1169	340	1	1166	2	0	0	0	99.71	0.07	0.00
SRR20710269_assembly	f__Enterobacteriaceae (UID5139)	119	1169	340	1	1166	2	0	0	0	99.71	0.07	0.00
SRR20711048_assembly	f__Enterobacteriaceae (UID5139)	119	1169	340	1	1166	2	0	0	0	99.71	0.07	0.00
SRR20711486_assembly	f__Enterobacteriaceae (UID5139)	119	1169	340	1	1166	2	0	0	0	99.71	0.07	0.00
SRR20751627_assembly	f__Enterobacteriaceae (UID5139)	119	1169	340	1	1166	2	0	0	0	99.71	0.07	0.00
SRR2077386_assembly	f__Enterobacteriaceae (UID5139)	119	1169	340	1	1166	2	0	0	0	99.71	0.07	0.00
SRR2077393_assembly	f__Enterobacteriaceae (UID5139)	119	1169	340	1	1165	3	0	0	0	99.71	0.15	0.00
SRR2077395_assembly	f__Enterobacteriaceae (UID5139)	119	1169	340	19	1148	2	0	0	0	97.94	0.07	0.00
SRR20894224_assembly	f__Enterobacteriaceae (UID5139)	119	1169	340	1	1166	2	0	0	0	99.71	0.07	0.00
SRR2096540_assembly	f__Enterobacteriaceae (UID5139)	119	1169	340	1	1166	2	0	0	0	99.71	0.07	0.00
SRR2096548_assembly	f__Enterobacteriaceae (UID5139)	119	1169	340	20	1145	4	0	0	0	98.90	0.29	0.00
SRR2096601_assembly	f__Enterobacteriaceae (UID5139)	119	1169	340	6	1161	2	0	0	0	98.82	0.07	0.00
SRR2096609_assembly	f__Enterobacteriaceae (UID5139)	119	1169	340	12	1154	3	0	0	0	98.97	0.22	0.00
SRR2096614_assembly	f__Enterobacteriaceae (UID5139)	119	1169	340	1	1166	2	0	0	0	99.71	0.07	0.00
SRR2096623_assembly	f__Enterobacteriaceae (UID5139)	119	1169	340	1	1165	3	0	0	0	99.71	0.22	0.00
SRR20986736_assembly	f__Enterobacteriaceae (UID5139)	119	1169	340	1	1166	2	0	0	0	99.71	0.07	0.00
SRR20993087_assembly	f__Enterobacteriaceae (UID5139)	119	1169	340	1	1166	2	0	0	0	99.71	0.07	0.00
SRR20995046_assembly	f__Enterobacteriaceae (UID5139)	119	1169	340	1	1165	3	0	0	0	99.71	0.15	0.00
SRR21007733_assembly	f__Enterobacteriaceae (UID5139)	119	1169	340	1	1166	2	0	0	0	99.71	0.07	0.00
SRR21009194_assembly	f__Enterobacteriaceae (UID5139)	119	1169	340	1	1166	2	0	0	0	99.71	0.07	0.00
SRR21009201_assembly	f__Enterobacteriaceae (UID5139)	119	1169	340	1	1166	2	0	0	0	99.71	0.07	0.00
SRR2102453_assembly	f__Enterobacteriaceae (UID5139)	119	1169	340	1	1166	2	0	0	0	99.71	0.07	0.00
SRR2102470_assembly	f__Enterobacteriaceae (UID5139)	119	1169	340	2	1165	2	0	0	0	99.41	0.07	0.00
SRR2102508_assembly	f__Enterobacteriaceae (UID5139)	119	1169	340	1	1164	4	0	0	0	99.71	0.20	0.00
SRR21025692_assembly	f__Enterobacteriaceae (UID5139)	119	1169	340	1	1166	2	0	0	0	99.71	0.07	0.00
SRR21087237_assembly	f__Enterobacteriaceae (UID5139)	119	1169	340	1	1166	2	0	0	0	99.71	0.07	0.00
SRR21133213_assembly	f__Enterobacteriaceae (UID5139)	119	1169	340	1	1165	3	0	0	0	99.71	0.15	0.00
SRR21144818_assembly	f__Enterobacteriaceae (UID5139)	119	1169	340	1	1166	2	0	0	0	99.71	0.07	0.00
SRR21160279_assembly	f__Enterobacteriaceae (UID5139)	119	1169	340	1	1166	2	0	0	0	99.71	0.07	0.00
SRR21160288_assembly	f__Enterobacteriaceae (UID5139)	119	1169	340	1	1166	2	0	0	0	99.71	0.07	0.00
SRR21161021_assembly	f__Enterobacteriaceae (UID5139)	119	1169	340	1	1165	3	0	0	0	99.71	0.12	0.00
SRR21161396_assembly	f__Enterobacteriaceae (UID5139)	119	1169	340	1	1164	4	0	0	0	99.71	0.29	0.00
SRR21177525_assembly	f__Enterobacteriaceae (UID5139)	119	1169	340	1	1166	2	0	0	0	99.71	0.07	0.00
SRR21186980_assembly	f__Enterobacteriaceae (UID5139)	119	1169	340	1	1166	2	0	0	0	99.71	0.07	0.00
SRR21192920_assembly	f__Enterobacteriaceae (UID5139)	119	1169	340	1	1166	2	0	0	0	99.71	0.07	0.00
SRR21202331_assembly	f__Enterobacteriaceae (UID5139)	119	1169	340	1	1165	3	0	0	0	99.71	0.22	0.00
SRR21205546_assembly	f__Enterobacteriaceae (UID5139)	119	1169	340	1	1165	3	0	0	0	99.71	0.15	0.00
SRR21224526_assembly	f__Enterobacteriaceae (UID5139)	119	1169	340	1	1165	3	0	0	0	99.71	0.22	0.00
SRR21227630_assembly	f__Enterobacteriaceae (UID5139)	119	1169	340	1	1165	3	0	0	0	99.71	0.15	0.00
SRR21232321_assembly	f__Enterobacteriaceae (UID5139)	119	1169	340	51	1116	2	0	0	0	96.62	0.07	0.00
SRR2132196_assembly	f__Enterobacteriaceae (UID5139)	119	1169	340	1	1166	2	0	0	0	99.71	0.07	0.00
SRR21354894_assembly	f__Enterobacteriaceae (UID5139)	119	1169	340	1	1166	2	0	0	0	99.71	0.07	0.00
SRR21440793_assembly	f__Enterobacteriaceae (UID5139)	119	1169	340	1	1166	2	0	0	0	99.71	0.07	0.00
SRR21444147_assembly	f__Enterobacteriaceae (UID5139)	119	1169	340	1	1166	2	0	0	0	99.71	0.07	0.00
SRR21444162_assembly	f__Enterobacteriaceae (UID5139)	119	1169	340	1	1166	2	0	0	0	99.71	0.07	0.00
SRR21462327_assembly	f__Enterobacteriaceae (UID5139)	119	1169	340	1	1165	3	0	0	0	99.71	0.15	0.00
SRR21486717_assembly	f__Enterobacteriaceae (UID5139)	119	1169	340	1	1166	2	0	0	0	99.71	0.07	0.00
SRR21491710_assembly	f__Enterobacteriaceae (UID5139)	119	1169	340	1	1166	2	0	0	0	99.71	0.07	0.00
SRR21503337_assembly	f__Enterobacteriaceae (UID5139)	119	1169	340	1	1166	2	0	0	0	99.71	0.07	0.00
SRR21582767_assembly	f__Enterobacteriaceae (UID5139)	119	1169	340	1	1166	2	0	0	0	99.71	0.07	0.00
SRR21640915_assembly	f__Enterobacteriaceae (UID5139)	119	1169	340	1	1166	2	0	0	0	99.71	0.07	0.00
SRR21640943_assembly	f__Enterobacteriaceae (UID5139)	119	1169	340	1	1166	2	0	0	0	99.71	0.07	0.00
SRR21640944_assembly	f__Enterobacteriaceae (UID5139)	119	1169	340	1	1166	2	0	0	0	99.71	0.07	0.00
SRR21641071_assembly	f__Enterobacteriaceae (UID5139)	119	1169	340	2	1164	3	0	0	0	99.56	0.15	0.00
SRR21683982_assembly	f__Enterobacteriaceae (UID5139)	119	1169	340	1	1165	3	0	0	0	99.71	0.15	0.00
SRR21685403_assembly	f__Enterobacteriaceae (UID5139)	119	1169	340	1	1165	3	0	0	0	99.71	0.15	0.00
SRR21685406_assembly	f__Enterobacteriaceae (UID5139)	119	1169	340	1	1165	3	0	0	0	99.71	0.15	0.00
SRR21685407_assembly	f__Enterobacteriaceae (UID5139)	119	1169	340	1	1165	3	0	0	0	99.71	0.15	0.00
SRR21685408_assembly	f__Enterobacteriaceae (UID5139)	119	1169	340	1	1165	3	0	0	0	99.71	0.15	0.00
SRR21708462_assembly	f__Enterobacteriaceae (UID5139)	119	1169	340	1	1165	3	0	0	0	99.71	0.15	0.00
SRR21743229_assembly	f__Enterobacteriaceae (UID5139)	119	1169	340	1	1165	3	0	0	0	99.71	0.15	0.00
SRR2175310_assembly	f__Enterobacteriaceae (UID5139)	119	1169	340	0	1168	1	0	0	0	100.00	0.04	0.00
SRR2175343_assembly	f__Enterobacteriaceae (UID5139)	119	1169	340	1	1165	3	0	0	0	99.71	0.15	0.00
SRR2175358_assembly	f__Enterobacteriaceae (UID5139)	119	1169	340	1	1166	2	0	0	0	99.71	0.07	0.00
SRR21784949_assembly	f__Enterobacteriaceae (UID5139)	119	1169	340	1	1166	2	0	0	0	99.71	0.07	0.00
SRR21785189_assembly	f__Enterobacteriaceae (UID5139)	119	1169	340	1	1166	2	0	0	0	99.71	0.07	0.00
SRR21802771_assembly	f__Enterobacteriaceae (UID5139)	119	1169	340	1	1166	2	0	0	0	99.71	0.07	0.00
SRR21862900_assembly	f__Enterobacteriaceae (UID5139)	119	1169	340	1	1165	3	0	0	0	99.71	0.15	0.00
SRR21893805_assembly	f__Enterobacteriaceae (UID5139)	119	1169	340	1	1165	3	0	0	0	99.71	0.15	0.00
SRR21909373_assembly	f__Enterobacteriaceae (UID5139)	119	1169	340	1	1166	2	0	0	0	99.71	0.07	0.00
SRR21909374_assembly	f__Enterobacteriaceae (UID5139)	119	1169	340	1	1165	3	0	0	0	99.71	0.15	0.00
SRR21933827_assembly	f__Enterobacteriaceae (UID5139)	119	1169	340	1	1166	2	0	0	0	99.71	0.07	0.00
SRR21937927_assembly	f__Enterobacteriaceae (UID5139)	119	1169	340	1	1165	3	0	0	0	99.71	0.15	0.00
SRR21958964_assembly	f__Enterobacteriaceae (UID5139)	119	1169	340	1	1166	2	0	0	0	99.71	0.07	0.00
SRR21958968_assembly	f__Enterobacteriaceae (UID5139)	119	1169	340	1	1166	2	0	0	0	99.71	0.07	0.00
SRR21979339_assembly	f__Enterobacteriaceae (UID5139)	119	1169	340	1	1165	3	0	0	0	99.71	0.15	0.00
SRR21979340_assembly	f__Enterobacteriaceae (UID5139)	119	1169	340	1	1165	3	0	0	0	99.71	0.15	0.00
SRR21979341_assembly	f__Enterobacteriaceae (UID5139)	119	1169	340	1	1165	3	0	0	0	99.71	0.15	0.00
SRR22031961_assembly	f__Enterobacteriaceae (UID5139)	119	1169	340	1	1166	2	0	0	0	99.71	0.07	0.00
SRR22302513_assembly	f__Enterobacteriaceae (UID5139)	119	1169	340	1	1165	3	0	0	0	99.71	0.15	0.00
SRR22302515_assembly	f__Enterobacteriaceae (UID5139)	119	1169	340	1	1165	3	0	0	0	99.71	0.15	0.00
SRR22302517_assembly	f__Enterobacteriaceae (UID5139)	119	1169	340	1	1166	2	0	0	0	99.71	0.07	0.00
SRR22317987_assembly	f__Enterobacteriaceae (UID5139)	119	1169	340	1	1165	3	0	0	0	99.71	0.15	0.00
SRR22372854_assembly	f__Enterobacteriaceae (UID5139)	119	1169	340	1	1165	3	0	0	0	99.71	0.15	0.00
SRR22381737_assembly	f__Enterobacteriaceae (UID5139)	119	1169	340	1	1166	2	0	0	0	99.71	0.07	0.00
SRR22485980_assembly	f__Enterobacteriaceae (UID5139)	119	1169	340	1	1166	2	0	0	0	99.71	0.07	0.00
SRR22565630_assembly	f__Enterobacteriaceae (UID5139)	119	1169	340	1	1166	2	0	0	0	99.71	0.07	0.00
SRR22565634_assembly	f__Enterobacteriaceae (UID5139)	119	1169	340	1	1166	2	0	0	0	99.71	0.07	0.00
SRR22566519_assembly	f__Enterobacteriaceae (UID5139)	119	1169	340	1	1166	2	0	0	0	99.71	0.07	0.00
SRR22575394_assembly	f__Enterobacteriaceae (UID5139)	119	1169	340	1	1166	2	0	0	0	99.71	0.07	0.00
SRR22590183_assembly	f__Enterobacteriaceae (UID5139)	119	1169	340	12	1155	2	0	0	0	98.53	0.07	0.00
SRR22730899_assembly	f__Enterobacteriaceae (UID5139)	119	1169	340	1	1166	2	0	0	0	99.71	0.07	0.00
SRR22750399_assembly	f__Enterobacteriaceae (UID5139)	119	1169	340	1	1166	2	0	0	0	99.71	0.07	0.00
SRR22822728_assembly	f__Enterobacteriaceae (UID5139)	119	1169	340	1	1165	3	0	0	0	99.71	0.15	0.00
SRR22822784_assembly	f__Enterobacteriaceae (UID5139)	119	1169	340	24	1142	3	0	0	0	99.12	0.15	0.00
SRR22822785_assembly	f__Enterobacteriaceae (UID5139)	119	1169	340	1	1165	3	0	0	0	99.71	0.15	0.00
SRR22822786_assembly	f__Enterobacteriaceae (UID5139)	119	1169	340	1	1165	3	0	0	0	99.71	0.15	0.00
SRR22927603_assembly	f__Enterobacteriaceae (UID5139)	119	1169	340	1	1166	2	0	0	0	99.71	0.07	0.00
SRR22927701_assembly	f__Enterobacteriaceae (UID5139)	119	1169	340	1	1166	2	0	0	0	99.71	0.07	0.00
SRR23030152_assembly	f__Enterobacteriaceae (UID5139)	119	1169	340	1	1166	2	0	0	0	99.71	0.07	0.00
SRR23043674_assembly	f__Enterobacteriaceae (UID5139)	119	1169	340	1	1165	3	0	0	0	99.71	0.22	0.00
SRR23043675_assembly	f__Enterobacteriaceae (UID5139)	119	1169	340	1	1166	2	0	0	0	99.71	0.07	0.00
SRR23043676_assembly	f__Enterobacteriaceae (UID5139)	119	1169	340	1	1165	3	0	0	0	99.71	0.22	0.00
SRR23043677_assembly	f__Enterobacteriaceae (UID5139)	119	1169	340	1	1165	3	0	0	0	99.71	0.22	0.00
SRR23043678_assembly	f__Enterobacteriaceae (UID5139)	119	1169	340	1	1165	3	0	0	0	99.71	0.22	0.00
SRR23043679_assembly	f__Enterobacteriaceae (UID5139)	119	1169	340	1	1166	2	0	0	0	99.71	0.07	0.00
SRR23043682_assembly	f__Enterobacteriaceae (UID5139)	119	1169	340	1	1165	3	0	0	0	99.71	0.22	0.00
SRR23043683_assembly	f__Enterobacteriaceae (UID5139)	119	1169	340	1	1165	3	0	0	0	99.71	0.22	0.00
SRR23043684_assembly	f__Enterobacteriaceae (UID5139)	119	1169	340	1	1164	4	0	0	0	99.71	0.29	0.00
SRR2407619_assembly	f__Enterobacteriaceae (UID5139)	119	1169	340	1	1165	3	0	0	0	99.71	0.15	0.00
SRR2407658_assembly	f__Enterobacteriaceae (UID5139)	119	1169	340	1	1165	3	0	0	0	99.71	0.15	0.00
SRR25097973_assembly	f__Enterobacteriaceae (UID5139)	119	1169	340	1	1166	2	0	0	0	99.71	0.07	0.00
SRR25556694_assembly	f__Enterobacteriaceae (UID5139)	119	1169	340	1	1166	2	0	0	0	99.71	0.07	0.00
SRR2567125_assembly	f__Enterobacteriaceae (UID5139)	119	1169	340	1	1166	2	0	0	0	99.71	0.07	0.00
SRR2567128_assembly	f__Enterobacteriaceae (UID5139)	119	1169	340	1	1165	3	0	0	0	99.71	0.15	0.00
SRR2567144_assembly	f__Enterobacteriaceae (UID5139)	119	1169	340	1	1165	3	0	0	0	99.71	0.11	0.00
SRR2567191_assembly	f__Enterobacteriaceae (UID5139)	119	1169	340	1	1166	2	0	0	0	99.71	0.07	0.00
SRR25926988_assembly	f__Enterobacteriaceae (UID5139)	119	1169	340	1	1165	3	0	0	0	99.71	0.22	0.00
SRR25926989_assembly	f__Enterobacteriaceae (UID5139)	119	1169	340	1	1166	2	0	0	0	99.71	0.07	0.00
SRR25926991_assembly	f__Enterobacteriaceae (UID5139)	119	1169	340	1	1166	2	0	0	0	99.71	0.07	0.00
SRR26985545_assembly	f__Enterobacteriaceae (UID5139)	119	1169	340	1	1165	3	0	0	0	99.71	0.15	0.00
SRR26985566_assembly	f__Enterobacteriaceae (UID5139)	119	1169	340	1	1166	2	0	0	0	99.71	0.07	0.00
SRR27313631_assembly	f__Enterobacteriaceae (UID5139)	119	1169	340	1	1166	2	0	0	0	99.71	0.07	0.00
SRR27313633_assembly	f__Enterobacteriaceae (UID5139)	119	1169	340	1	1165	3	0	0	0	99.71	0.15	0.00
SRR27313648_assembly	f__Enterobacteriaceae (UID5139)	119	1169	340	1	1165	3	0	0	0	99.71	0.22	0.00
SRR27708424_assembly	f__Enterobacteriaceae (UID5139)	119	1169	340	1	1166	2	0	0	0	99.71	0.07	0.00
SRR27708426_assembly	f__Enterobacteriaceae (UID5139)	119	1169	340	2	1164	3	0	0	0	99.56	0.15	0.00
SRR27708427_assembly	f__Enterobacteriaceae (UID5139)	119	1169	340	1	1165	3	0	0	0	99.71	0.12	0.00
SRR27708429_assembly	f__Enterobacteriaceae (UID5139)	119	1169	340	82	1085	2	0	0	0	95.29	0.05	0.00
SRR27708430_assembly	f__Enterobacteriaceae (UID5139)	119	1169	340	1	1165	3	0	0	0	99.71	0.15	0.00
SRR27708431_assembly	f__Enterobacteriaceae (UID5139)	119	1169	340	1	1165	3	0	0	0	99.71	0.15	0.00
SRR27708433_assembly	f__Enterobacteriaceae (UID5139)	119	1169	340	1	1166	2	0	0	0	99.71	0.07	0.00
SRR27708439_assembly	f__Enterobacteriaceae (UID5139)	119	1169	340	1	1166	2	0	0	0	99.71	0.07	0.00
SRR27714918_assembly	f__Enterobacteriaceae (UID5139)	119	1169	340	1	1166	2	0	0	0	99.71	0.07	0.00
SRR27714934_assembly	f__Enterobacteriaceae (UID5139)	119	1169	340	1	1166	2	0	0	0	99.71	0.07	0.00
SRR27714938_assembly	f__Enterobacteriaceae (UID5139)	119	1169	340	1	1166	2	0	0	0	99.71	0.07	0.00
SRR27714940_assembly	f__Enterobacteriaceae (UID5139)	119	1169	340	1	1166	2	0	0	0	99.71	0.07	0.00
SRR27714941_assembly	f__Enterobacteriaceae (UID5139)	119	1169	340	1	1165	3	0	0	0	99.71	0.15	0.00
SRR27714943_assembly	f__Enterobacteriaceae (UID5139)	119	1169	340	1	1166	2	0	0	0	99.71	0.07	0.00
SRR27779117_assembly	f__Enterobacteriaceae (UID5139)	119	1169	340	1	1165	3	0	0	0	99.71	0.15	0.00
SRR27779118_assembly	f__Enterobacteriaceae (UID5139)	119	1169	340	1	1166	2	0	0	0	99.71	0.07	0.00
SRR27779119_assembly	f__Enterobacteriaceae (UID5139)	119	1169	340	1	1166	2	0	0	0	99.71	0.07	0.00
SRR27779120_assembly	f__Enterobacteriaceae (UID5139)	119	1169	340	1	1166	2	0	0	0	99.71	0.07	0.00
SRR27779121_assembly	f__Enterobacteriaceae (UID5139)	119	1169	340	1	1165	3	0	0	0	99.71	0.15	0.00
SRR28262167_assembly	f__Enterobacteriaceae (UID5139)	119	1169	340	1	1165	3	0	0	0	99.71	0.15	0.00
SRR28262169_assembly	f__Enterobacteriaceae (UID5139)	119	1169	340	1	1165	3	0	0	0	99.71	0.15	0.00
SRR28262170_assembly	f__Enterobacteriaceae (UID5139)	119	1169	340	1	1166	2	0	0	0	99.71	0.07	0.00
SRR28323368_assembly	f__Enterobacteriaceae (UID5139)	119	1169	340	1	1165	3	0	0	0	99.71	0.22	0.00
SRR28323377_assembly	f__Enterobacteriaceae (UID5139)	119	1169	340	1	1166	2	0	0	0	99.71	0.07	0.00
SRR28323378_assembly	f__Enterobacteriaceae (UID5139)	119	1169	340	1	1165	3	0	0	0	99.71	0.15	0.00
SRR28323379_assembly	f__Enterobacteriaceae (UID5139)	119	1169	340	1	1166	2	0	0	0	99.71	0.07	0.00
SRR28323381_assembly	f__Enterobacteriaceae (UID5139)	119	1169	340	1	1166	2	0	0	0	99.71	0.07	0.00
SRR28323382_assembly	f__Enterobacteriaceae (UID5139)	119	1169	340	1	1166	2	0	0	0	99.71	0.07	0.00
SRR28323385_assembly	f__Enterobacteriaceae (UID5139)	119	1169	340	1	1166	2	0	0	0	99.71	0.07	0.00
SRR28323386_assembly	f__Enterobacteriaceae (UID5139)	119	1169	340	1	1166	2	0	0	0	99.71	0.07	0.00
SRR28323390_assembly	f__Enterobacteriaceae (UID5139)	119	1169	340	26	1140	3	0	0	0	99.38	0.09	0.00
SRR28323393_assembly	f__Enterobacteriaceae (UID5139)	119	1169	340	1	1166	2	0	0	0	99.71	0.07	0.00
SRR28323406_assembly	f__Enterobacteriaceae (UID5139)	119	1169	340	1	1166	2	0	0	0	99.71	0.07	0.00
SRR28323407_assembly	f__Enterobacteriaceae (UID5139)	119	1169	340	1	1166	2	0	0	0	99.71	0.07	0.00
SRR28412124_assembly	f__Enterobacteriaceae (UID5139)	119	1169	340	1	1166	2	0	0	0	99.71	0.07	0.00
SRR28412125_assembly	f__Enterobacteriaceae (UID5139)	119	1169	340	1	1166	2	0	0	0	99.71	0.07	0.00
SRR28412144_assembly	f__Enterobacteriaceae (UID5139)	119	1169	340	1	1166	2	0	0	0	99.71	0.07	0.00
SRR28412148_assembly	f__Enterobacteriaceae (UID5139)	119	1169	340	1	1166	2	0	0	0	99.71	0.07	0.00
SRR28412149_assembly	f__Enterobacteriaceae (UID5139)	119	1169	340	1	1165	3	0	0	0	99.71	0.15	0.00
SRR28412150_assembly	f__Enterobacteriaceae (UID5139)	119	1169	340	1	1165	3	0	0	0	99.71	0.22	0.00
SRR28412151_assembly	f__Enterobacteriaceae (UID5139)	119	1169	340	1	1166	2	0	0	0	99.71	0.07	0.00
SRR28412153_assembly	f__Enterobacteriaceae (UID5139)	119	1169	340	1	1165	3	0	0	0	99.71	0.15	0.00
SRR28412155_assembly	f__Enterobacteriaceae (UID5139)	119	1169	340	1	1166	2	0	0	0	99.71	0.07	0.00
SRR28412156_assembly	f__Enterobacteriaceae (UID5139)	119	1169	340	1	1166	2	0	0	0	99.71	0.07	0.00
SRR28529657_assembly	f__Enterobacteriaceae (UID5139)	119	1169	340	1	1166	2	0	0	0	99.71	0.07	0.00
SRR28529661_assembly	f__Enterobacteriaceae (UID5139)	119	1169	340	1	1166	2	0	0	0	99.71	0.07	0.00
SRR28830416_assembly	f__Enterobacteriaceae (UID5139)	119	1169	340	1	1165	3	0	0	0	99.71	0.22	0.00
SRR28830435_assembly	f__Enterobacteriaceae (UID5139)	119	1169	340	1	1166	2	0	0	0	99.71	0.07	0.00
SRR28830437_assembly	f__Enterobacteriaceae (UID5139)	119	1169	340	1	1166	2	0	0	0	99.71	0.07	0.00
SRR28830458_assembly	f__Enterobacteriaceae (UID5139)	119	1169	340	1	1166	2	0	0	0	99.71	0.07	0.00
SRR2911768_assembly	f__Enterobacteriaceae (UID5139)	119	1169	340	5	1162	2	0	0	0	99.12	0.07	0.00
SRR2911774_assembly	f__Enterobacteriaceae (UID5139)	119	1169	340	1	1166	2	0	0	0	99.71	0.07	0.00
SRR2911775_assembly	f__Enterobacteriaceae (UID5139)	119	1169	340	1	1166	2	0	0	0	99.71	0.07	0.00
SRR2911779_assembly	f__Enterobacteriaceae (UID5139)	119	1169	340	1	1164	4	0	0	0	99.71	0.29	0.00
SRR2911780_assembly	f__Enterobacteriaceae (UID5139)	119	1169	340	1	1165	3	0	0	0	99.71	0.22	0.00
SRR2925321_assembly	f__Enterobacteriaceae (UID5139)	119	1169	340	1	1165	3	0	0	0	99.71	0.15	0.00
SRR2925322_assembly	f__Enterobacteriaceae (UID5139)	119	1169	340	1	1166	2	0	0	0	99.71	0.07	0.00
SRR2925325_assembly	f__Enterobacteriaceae (UID5139)	119	1169	340	1	1166	2	0	0	0	99.71	0.07	0.00
SRR2925326_assembly	f__Enterobacteriaceae (UID5139)	119	1169	340	1	1165	3	0	0	0	99.71	0.15	0.00
SRR2925327_assembly	f__Enterobacteriaceae (UID5139)	119	1169	340	1	1166	2	0	0	0	99.71	0.07	0.00
SRR2925328_assembly	f__Enterobacteriaceae (UID5139)	119	1169	340	1	1165	3	0	0	0	99.71	0.15	0.00
SRR2925329_assembly	f__Enterobacteriaceae (UID5139)	119	1169	340	1	1166	2	0	0	0	99.71	0.07	0.00
SRR2925330_assembly	f__Enterobacteriaceae (UID5139)	119	1169	340	1	1165	3	0	0	0	99.71	0.15	0.00
SRR2925645_assembly	f__Enterobacteriaceae (UID5139)	119	1169	340	1	1166	2	0	0	0	99.71	0.07	0.00
SRR2961909_assembly	f__Enterobacteriaceae (UID5139)	119	1169	340	1	1166	2	0	0	0	99.71	0.07	0.00
SRR2962651_assembly	f__Enterobacteriaceae (UID5139)	119	1169	340	1	1165	3	0	0	0	99.71	0.15	0.00
SRR2962655_assembly	f__Enterobacteriaceae (UID5139)	119	1169	340	1	1165	3	0	0	0	99.71	0.15	0.00
SRR2968111_assembly	f__Enterobacteriaceae (UID5139)	119	1169	340	1	1165	3	0	0	0	99.71	0.15	0.00
SRR2968112_assembly	f__Enterobacteriaceae (UID5139)	119	1169	340	1	1166	2	0	0	0	99.71	0.07	0.00
SRR2968113_assembly	f__Enterobacteriaceae (UID5139)	119	1169	340	1	1166	2	0	0	0	99.71	0.07	0.00
SRR2968114_assembly	f__Enterobacteriaceae (UID5139)	119	1169	340	1	1166	2	0	0	0	99.71	0.07	0.00
SRR2994384_assembly	f__Enterobacteriaceae (UID5139)	119	1169	340	1	1166	2	0	0	0	99.71	0.07	0.00
SRR2994385_assembly	f__Enterobacteriaceae (UID5139)	119	1169	340	1	1166	2	0	0	0	99.71	0.07	0.00
SRR2994386_assembly	f__Enterobacteriaceae (UID5139)	119	1169	340	1	1166	2	0	0	0	99.71	0.07	0.00
SRR2994388_assembly	f__Enterobacteriaceae (UID5139)	119	1169	340	1	1165	3	0	0	0	99.71	0.22	0.00
SRR2994389_assembly	f__Enterobacteriaceae (UID5139)	119	1169	340	1	1166	2	0	0	0	99.71	0.07	0.00
SRR2994390_assembly	f__Enterobacteriaceae (UID5139)	119	1169	340	1	1165	3	0	0	0	99.71	0.22	0.00
SRR2994392_assembly	f__Enterobacteriaceae (UID5139)	119	1169	340	1	1166	2	0	0	0	99.71	0.07	0.00
SRR2994393_assembly	f__Enterobacteriaceae (UID5139)	119	1169	340	11	1156	2	0	0	0	98.53	0.07	0.00
SRR2994394_assembly	f__Enterobacteriaceae (UID5139)	119	1169	340	1	1166	2	0	0	0	99.71	0.07	0.00
SRR2994395_assembly	f__Enterobacteriaceae (UID5139)	119	1169	340	1	1166	2	0	0	0	99.71	0.07	0.00
SRR4040233_assembly	f__Enterobacteriaceae (UID5139)	119	1169	340	2	1165	2	0	0	0	99.41	0.07	0.00
SRR4044634_assembly	f__Enterobacteriaceae (UID5139)	119	1169	340	1	1166	2	0	0	0	99.71	0.07	0.00
SRR4044681_assembly	f__Enterobacteriaceae (UID5139)	119	1169	340	1	1165	3	0	0	0	99.71	0.22	0.00
SRR4046920_assembly	f__Enterobacteriaceae (UID5139)	119	1169	340	1	1166	2	0	0	0	99.71	0.07	0.00
SRR4054670_assembly	f__Enterobacteriaceae (UID5139)	119	1169	340	1	1166	2	0	0	0	99.71	0.07	0.00
SRR4243138_assembly	f__Enterobacteriaceae (UID5139)	119	1169	340	1	1165	3	0	0	0	99.71	0.15	0.00
SRR4244398_assembly	f__Enterobacteriaceae (UID5139)	119	1169	340	1	1165	3	0	0	0	99.71	0.15	0.00
SRR4280632_assembly	f__Enterobacteriaceae (UID5139)	119	1169	340	1	1166	2	0	0	0	99.71	0.07	0.00
SRR4292607_assembly	f__Enterobacteriaceae (UID5139)	119	1169	340	1	1165	3	0	0	0	99.71	0.15	0.00
SRR4292612_assembly	f__Enterobacteriaceae (UID5139)	119	1169	340	1	1166	2	0	0	0	99.71	0.07	0.00
SRR4292616_assembly	f__Enterobacteriaceae (UID5139)	119	1169	340	2	1165	2	0	0	0	99.56	0.07	0.00
SRR4345507_assembly	f__Enterobacteriaceae (UID5139)	119	1169	340	1	1166	2	0	0	0	99.71	0.07	0.00
SRR4420695_assembly	f__Enterobacteriaceae (UID5139)	119	1169	340	6	1161	2	0	0	0	99.41	0.07	0.00
SRR4420897_assembly	f__Enterobacteriaceae (UID5139)	119	1169	340	1	1165	3	0	0	0	99.71	0.22	0.00
SRR4420948_assembly	f__Enterobacteriaceae (UID5139)	119	1169	340	1	1166	2	0	0	0	99.71	0.07	0.00
SRR4841710_assembly	f__Enterobacteriaceae (UID5139)	119	1169	340	1	1166	2	0	0	0	99.71	0.07	0.00
SRR6000478_assembly	f__Enterobacteriaceae (UID5139)	119	1169	340	1	1166	2	0	0	0	99.71	0.07	0.00
SRR6025940_assembly	f__Enterobacteriaceae (UID5139)	119	1169	340	1	1166	2	0	0	0	99.71	0.07	0.00
SRR6107527_assembly	f__Enterobacteriaceae (UID5139)	119	1169	340	1	1166	2	0	0	0	99.71	0.07	0.00
SRR6114323_assembly	f__Enterobacteriaceae (UID5139)	119	1169	340	1	1166	2	0	0	0	99.71	0.07	0.00
SRR6158727_assembly	f__Enterobacteriaceae (UID5139)	119	1169	340	2	1164	3	0	0	0	99.41	0.22	0.00
SRR6217712_assembly	f__Enterobacteriaceae (UID5139)	119	1169	340	1	1166	2	0	0	0	99.71	0.07	0.00
SRR6255491_assembly	f__Enterobacteriaceae (UID5139)	119	1169	340	2	1165	2	0	0	0	99.41	0.07	0.00
SRR6278424_assembly	f__Enterobacteriaceae (UID5139)	119	1169	340	1	1164	4	0	0	0	99.71	0.29	0.00
SRR6278772_assembly	f__Enterobacteriaceae (UID5139)	119	1169	340	1	1166	2	0	0	0	99.71	0.07	0.00
SRR6283536_assembly	f__Enterobacteriaceae (UID5139)	119	1169	340	1	1166	2	0	0	0	99.71	0.07	0.00
SRR6283581_assembly	f__Enterobacteriaceae (UID5139)	119	1169	340	1	1165	3	0	0	0	99.71	0.15	0.00
SRR6291058_assembly	f__Enterobacteriaceae (UID5139)	119	1169	340	1	1166	2	0	0	0	99.71	0.07	0.00
SRR6291064_assembly	f__Enterobacteriaceae (UID5139)	119	1169	340	1	1166	2	0	0	0	99.71	0.07	0.00
SRR6291070_assembly	f__Enterobacteriaceae (UID5139)	119	1169	340	1	1166	2	0	0	0	99.71	0.07	0.00
SRR6291075_assembly	f__Enterobacteriaceae (UID5139)	119	1169	340	1	1166	2	0	0	0	99.71	0.07	0.00
SRR6291076_assembly	f__Enterobacteriaceae (UID5139)	119	1169	340	1	1165	3	0	0	0	99.71	0.12	0.00
SRR6292808_assembly	f__Enterobacteriaceae (UID5139)	119	1169	340	1	1165	3	0	0	0	99.71	0.08	33.33
SRR6293924_assembly	f__Enterobacteriaceae (UID5139)	119	1169	340	1	1166	2	0	0	0	99.71	0.07	0.00
SRR6294053_assembly	f__Enterobacteriaceae (UID5139)	119	1169	340	1	1166	2	0	0	0	99.71	0.07	0.00
SRR6294054_assembly	f__Enterobacteriaceae (UID5139)	119	1169	340	1	1166	2	0	0	0	99.71	0.07	0.00
SRR6299288_assembly	f__Enterobacteriaceae (UID5139)	119	1169	340	1	1166	2	0	0	0	99.71	0.07	0.00
SRR6308366_assembly	f__Enterobacteriaceae (UID5139)	119	1169	340	1	1165	3	0	0	0	99.71	0.15	0.00
SRR6308559_assembly	f__Enterobacteriaceae (UID5139)	119	1169	340	3	1164	2	0	0	0	99.41	0.07	0.00
SRR6310053_assembly	f__Enterobacteriaceae (UID5139)	119	1169	340	1	1166	2	0	0	0	99.71	0.07	0.00
SRR6311216_assembly	f__Enterobacteriaceae (UID5139)	119	1169	340	1	1166	2	0	0	0	99.71	0.07	0.00
SRR6316162_assembly	f__Enterobacteriaceae (UID5139)	119	1169	340	1	1166	2	0	0	0	99.71	0.07	0.00
SRR6316163_assembly	f__Enterobacteriaceae (UID5139)	119	1169	340	1	1165	3	0	0	0	99.71	0.15	0.00
SRR6316179_assembly	f__Enterobacteriaceae (UID5139)	119	1169	340	1	1166	2	0	0	0	99.71	0.07	0.00
SRR6316184_assembly	f__Enterobacteriaceae (UID5139)	119	1169	340	1	1166	2	0	0	0	99.71	0.07	0.00
SRR6321910_assembly	f__Enterobacteriaceae (UID5139)	119	1169	340	1	1166	2	0	0	0	99.71	0.07	0.00
SRR6330514_assembly	f__Enterobacteriaceae (UID5139)	119	1169	340	1	1166	2	0	0	0	99.71	0.07	0.00
SRR6334804_assembly	f__Enterobacteriaceae (UID5139)	119	1169	340	1	1166	2	0	0	0	99.71	0.07	0.00
SRR6336381_assembly	f__Enterobacteriaceae (UID5139)	119	1169	340	1	1166	2	0	0	0	99.71	0.07	0.00
SRR6336387_assembly	f__Enterobacteriaceae (UID5139)	119	1169	340	1	1166	2	0	0	0	99.71	0.07	0.00
SRR6336397_assembly	f__Enterobacteriaceae (UID5139)	119	1169	340	2	1165	2	0	0	0	99.41	0.07	0.00
SRR6336398_assembly	f__Enterobacteriaceae (UID5139)	119	1169	340	1	1165	3	0	0	0	99.71	0.15	0.00
SRR6337567_assembly	f__Enterobacteriaceae (UID5139)	119	1169	340	1	1166	2	0	0	0	99.71	0.07	0.00
SRR6350790_assembly	f__Enterobacteriaceae (UID5139)	119	1169	340	1	1166	2	0	0	0	99.71	0.07	0.00
SRR6351094_assembly	f__Enterobacteriaceae (UID5139)	119	1169	340	1	1166	2	0	0	0	99.71	0.07	0.00
SRR6354039_assembly	f__Enterobacteriaceae (UID5139)	119	1169	340	1	1166	2	0	0	0	99.71	0.07	0.00
SRR6354063_assembly	f__Enterobacteriaceae (UID5139)	119	1169	340	1	1166	2	0	0	0	99.71	0.07	0.00
SRR6354073_assembly	f__Enterobacteriaceae (UID5139)	119	1169	340	1	1166	2	0	0	0	99.71	0.07	0.00
SRR6354079_assembly	f__Enterobacteriaceae (UID5139)	119	1169	340	1	1165	3	0	0	0	99.71	0.15	0.00
SRR6356452_assembly	f__Enterobacteriaceae (UID5139)	119	1169	340	4	1163	2	0	0	0	99.38	0.07	0.00
SRR6356457_assembly	f__Enterobacteriaceae (UID5139)	119	1169	340	4	1163	2	0	0	0	99.38	0.07	0.00
SRR6371600_assembly	f__Enterobacteriaceae (UID5139)	119	1169	340	1	1166	2	0	0	0	99.71	0.07	0.00
SRR6371908_assembly	f__Enterobacteriaceae (UID5139)	119	1169	340	1	1166	2	0	0	0	99.71	0.07	0.00
SRR6373136_assembly	f__Enterobacteriaceae (UID5139)	119	1169	340	1	1166	2	0	0	0	99.71	0.07	0.00
SRR6373141_assembly	f__Enterobacteriaceae (UID5139)	119	1169	340	1	1166	2	0	0	0	99.71	0.07	0.00
SRR6373146_assembly	f__Enterobacteriaceae (UID5139)	119	1169	340	4	1163	2	0	0	0	99.38	0.07	0.00
SRR6373147_assembly	f__Enterobacteriaceae (UID5139)	119	1169	340	4	1163	2	0	0	0	99.38	0.07	0.00
SRR6373531_assembly	f__Enterobacteriaceae (UID5139)	119	1169	340	1	1165	3	0	0	0	99.71	0.15	0.00
SRR6377192_assembly	f__Enterobacteriaceae (UID5139)	119	1169	340	1	1166	2	0	0	0	99.71	0.07	0.00
SRR6377193_assembly	f__Enterobacteriaceae (UID5139)	119	1169	340	1	1166	2	0	0	0	99.71	0.07	0.00
SRR6377197_assembly	f__Enterobacteriaceae (UID5139)	119	1169	340	1	1166	2	0	0	0	99.71	0.07	0.00
SRR6424832_assembly	f__Enterobacteriaceae (UID5139)	119	1169	340	1	1166	2	0	0	0	99.71	0.07	0.00
SRR6425483_assembly	f__Enterobacteriaceae (UID5139)	119	1169	340	1	1166	2	0	0	0	99.71	0.07	0.00
SRR6433314_assembly	f__Enterobacteriaceae (UID5139)	119	1169	340	1	1166	2	0	0	0	99.71	0.07	0.00
SRR6437555_assembly	f__Enterobacteriaceae (UID5139)	119	1169	340	1	1164	4	0	0	0	99.71	0.29	0.00
SRR6437627_assembly	f__Enterobacteriaceae (UID5139)	119	1169	340	1	1166	2	0	0	0	99.71	0.07	0.00
SRR6440225_assembly	f__Enterobacteriaceae (UID5139)	119	1169	340	1	1165	3	0	0	0	99.71	0.15	0.00
SRR6457608_assembly	f__Enterobacteriaceae (UID5139)	119	1169	340	1	1166	2	0	0	0	99.71	0.07	0.00
SRR6457613_assembly	f__Enterobacteriaceae (UID5139)	119	1169	340	1	1166	2	0	0	0	99.71	0.07	0.00
SRR6457616_assembly	f__Enterobacteriaceae (UID5139)	119	1169	340	1	1165	3	0	0	0	99.71	0.15	0.00
SRR6459167_assembly	f__Enterobacteriaceae (UID5139)	119	1169	340	1	1166	2	0	0	0	99.71	0.07	0.00
SRR6465553_assembly	f__Enterobacteriaceae (UID5139)	119	1169	340	1	1166	2	0	0	0	99.71	0.07	0.00
SRR6475572_assembly	f__Enterobacteriaceae (UID5139)	119	1169	340	1	1166	2	0	0	0	99.71	0.07	0.00
SRR6475628_assembly	f__Enterobacteriaceae (UID5139)	119	1169	340	1	1166	2	0	0	0	99.71	0.07	0.00
SRR6475644_assembly	f__Enterobacteriaceae (UID5139)	119	1169	340	1	1165	3	0	0	0	99.71	0.15	0.00
SRR6480651_assembly	f__Enterobacteriaceae (UID5139)	119	1169	340	1	1165	3	0	0	0	99.71	0.22	0.00
SRR6484652_assembly	f__Enterobacteriaceae (UID5139)	119	1169	340	1	1165	3	0	0	0	99.71	0.15	0.00
SRR6484728_assembly	f__Enterobacteriaceae (UID5139)	119	1169	340	1	1164	4	0	0	0	99.71	0.29	0.00
SRR6489807_assembly	f__Enterobacteriaceae (UID5139)	119	1169	340	1	1164	4	0	0	0	99.71	0.29	0.00
SRR6502082_assembly	f__Enterobacteriaceae (UID5139)	119	1169	340	2	1165	2	0	0	0	99.41	0.07	0.00
SRR6514723_assembly	f__Enterobacteriaceae (UID5139)	119	1169	340	1	1166	2	0	0	0	99.71	0.07	0.00
SRR6639043_assembly	f__Enterobacteriaceae (UID5139)	119	1169	340	1	1165	3	0	0	0	99.71	0.15	0.00
SRR6650898_assembly	f__Enterobacteriaceae (UID5139)	119	1169	340	1	1166	2	0	0	0	99.71	0.07	0.00
SRR6650931_assembly	f__Enterobacteriaceae (UID5139)	119	1169	340	1	1166	2	0	0	0	99.71	0.07	0.00
SRR6663496_assembly	f__Enterobacteriaceae (UID5139)	119	1169	340	1	1166	2	0	0	0	99.71	0.07	0.00
SRR6668009_assembly	f__Enterobacteriaceae (UID5139)	119	1169	340	1	1165	3	0	0	0	99.71	0.15	0.00
SRR6674600_assembly	f__Enterobacteriaceae (UID5139)	119	1169	340	1	1165	3	0	0	0	99.71	0.15	0.00
SRR6676532_assembly	f__Enterobacteriaceae (UID5139)	119	1169	340	1	1166	2	0	0	0	99.71	0.07	0.00
SRR6676536_assembly	f__Enterobacteriaceae (UID5139)	119	1169	340	1	1166	2	0	0	0	99.71	0.07	0.00
SRR6676541_assembly	f__Enterobacteriaceae (UID5139)	119	1169	340	1	1166	2	0	0	0	99.71	0.07	0.00
SRR6683743_assembly	f__Enterobacteriaceae (UID5139)	119	1169	340	1	1165	3	0	0	0	99.71	0.15	0.00
SRR6684997_assembly	f__Enterobacteriaceae (UID5139)	119	1169	340	1	1166	2	0	0	0	99.71	0.07	0.00
SRR6685099_assembly	f__Enterobacteriaceae (UID5139)	119	1169	340	1	1166	2	0	0	0	99.71	0.07	0.00
SRR6696871_assembly	f__Enterobacteriaceae (UID5139)	119	1169	340	1	1165	3	0	0	0	99.71	0.15	0.00
SRR6696878_assembly	f__Enterobacteriaceae (UID5139)	119	1169	340	1	1166	2	0	0	0	99.71	0.07	0.00
SRR6696879_assembly	f__Enterobacteriaceae (UID5139)	119	1169	340	1	1165	3	0	0	0	99.71	0.15	0.00
SRR6703770_assembly	f__Enterobacteriaceae (UID5139)	119	1169	340	1	1166	2	0	0	0	99.71	0.07	0.00
SRR6715741_assembly	f__Enterobacteriaceae (UID5139)	119	1169	340	1	1166	2	0	0	0	99.71	0.07	0.00
SRR6726526_assembly	f__Enterobacteriaceae (UID5139)	119	1169	340	1	1165	3	0	0	0	99.71	0.15	0.00
SRR6760557_assembly	f__Enterobacteriaceae (UID5139)	119	1169	340	1	1164	4	0	0	0	99.71	0.29	0.00
SRR6766056_assembly	f__Enterobacteriaceae (UID5139)	119	1169	340	1	1165	3	0	0	0	99.71	0.15	0.00
SRR6766175_assembly	f__Enterobacteriaceae (UID5139)	119	1169	340	1	1164	4	0	0	0	99.71	0.29	0.00
SRR6766433_assembly	f__Enterobacteriaceae (UID5139)	119	1169	340	1	1164	4	0	0	0	99.71	0.29	0.00
SRR6786516_assembly	f__Enterobacteriaceae (UID5139)	119	1169	340	31	1135	3	0	0	0	97.35	0.22	0.00
SRR6786555_assembly	f__Enterobacteriaceae (UID5139)	119	1169	340	3	1163	3	0	0	0	99.51	0.15	0.00
SRR6795795_assembly	f__Enterobacteriaceae (UID5139)	119	1169	340	1	1164	4	0	0	0	99.71	0.29	0.00
SRR6813640_assembly	f__Enterobacteriaceae (UID5139)	119	1169	340	1	1166	2	0	0	0	99.71	0.07	0.00
SRR6818840_assembly	f__Enterobacteriaceae (UID5139)	119	1169	340	1	1166	2	0	0	0	99.71	0.07	0.00
SRR6818866_assembly	f__Enterobacteriaceae (UID5139)	119	1169	340	1	1165	3	0	0	0	99.71	0.15	0.00
SRR6818876_assembly	f__Enterobacteriaceae (UID5139)	119	1169	340	1	1166	2	0	0	0	99.71	0.07	0.00
SRR6843311_assembly	f__Enterobacteriaceae (UID5139)	119	1169	340	1	1166	2	0	0	0	99.71	0.07	0.00
SRR6870569_assembly	f__Enterobacteriaceae (UID5139)	119	1169	340	18	1148	3	0	0	0	97.94	0.15	0.00
SRR6870784_assembly	f__Enterobacteriaceae (UID5139)	119	1169	340	1	1166	2	0	0	0	99.71	0.07	0.00
SRR6879384_assembly	f__Enterobacteriaceae (UID5139)	119	1169	340	1	1166	2	0	0	0	99.71	0.07	0.00
SRR6879571_assembly	f__Enterobacteriaceae (UID5139)	119	1169	340	1	1165	3	0	0	0	99.71	0.15	0.00
SRR6880068_assembly	f__Enterobacteriaceae (UID5139)	119	1169	340	1	1165	3	0	0	0	99.71	0.15	0.00
SRR6880072_assembly	f__Enterobacteriaceae (UID5139)	119	1169	340	1	1166	2	0	0	0	99.71	0.07	0.00
SRR6880170_assembly	f__Enterobacteriaceae (UID5139)	119	1169	340	1	1166	2	0	0	0	99.71	0.07	0.00
SRR6881303_assembly	f__Enterobacteriaceae (UID5139)	119	1169	340	1	1166	2	0	0	0	99.71	0.07	0.00
SRR6881433_assembly	f__Enterobacteriaceae (UID5139)	119	1169	340	1	1165	3	0	0	0	99.71	0.15	0.00
SRR6881532_assembly	f__Enterobacteriaceae (UID5139)	119	1169	340	1	1165	3	0	0	0	99.71	0.15	0.00
SRR6885353_assembly	f__Enterobacteriaceae (UID5139)	119	1169	340	1	1166	2	0	0	0	99.71	0.07	0.00
SRR6885452_assembly	f__Enterobacteriaceae (UID5139)	119	1169	340	1	1166	2	0	0	0	99.71	0.07	0.00
SRR6904880_assembly	f__Enterobacteriaceae (UID5139)	119	1169	340	1	1166	2	0	0	0	99.71	0.07	0.00
SRR6908088_assembly	f__Enterobacteriaceae (UID5139)	119	1169	340	2	1165	2	0	0	0	99.41	0.11	0.00
SRR6908301_assembly	f__Enterobacteriaceae (UID5139)	119	1169	340	1	1165	3	0	0	0	99.71	0.15	0.00
SRR6920571_assembly	f__Enterobacteriaceae (UID5139)	119	1169	340	1	1166	2	0	0	0	99.71	0.07	0.00
SRR6926992_assembly	f__Enterobacteriaceae (UID5139)	119	1169	340	1	1166	2	0	0	0	99.71	0.07	0.00
SRR6926998_assembly	f__Enterobacteriaceae (UID5139)	119	1169	340	9	1157	3	0	0	0	99.12	0.15	0.00
SRR6933130_assembly	f__Enterobacteriaceae (UID5139)	119	1169	340	1	1166	2	0	0	0	99.71	0.07	0.00
SRR6933163_assembly	f__Enterobacteriaceae (UID5139)	119	1169	340	1	1166	2	0	0	0	99.71	0.07	0.00
SRR6933166_assembly	f__Enterobacteriaceae (UID5139)	119	1169	340	1	1166	2	0	0	0	99.71	0.07	0.00
SRR6933169_assembly	f__Enterobacteriaceae (UID5139)	119	1169	340	1	1166	2	0	0	0	99.71	0.07	0.00
SRR6933178_assembly	f__Enterobacteriaceae (UID5139)	119	1169	340	29	1138	2	0	0	0	97.59	0.07	0.00
SRR6933271_assembly	f__Enterobacteriaceae (UID5139)	119	1169	340	1	1166	2	0	0	0	99.71	0.07	0.00
SRR6933279_assembly	f__Enterobacteriaceae (UID5139)	119	1169	340	1	1166	2	0	0	0	99.71	0.07	0.00
SRR6933282_assembly	f__Enterobacteriaceae (UID5139)	119	1169	340	1	1166	2	0	0	0	99.71	0.07	0.00
SRR6933283_assembly	f__Enterobacteriaceae (UID5139)	119	1169	340	1	1166	2	0	0	0	99.71	0.07	0.00
SRR6933285_assembly	f__Enterobacteriaceae (UID5139)	119	1169	340	1	1166	2	0	0	0	99.71	0.07	0.00
SRR6933286_assembly	f__Enterobacteriaceae (UID5139)	119	1169	340	1	1166	2	0	0	0	99.71	0.07	0.00
SRR6933289_assembly	f__Enterobacteriaceae (UID5139)	119	1169	340	1	1166	2	0	0	0	99.71	0.07	0.00
SRR6933294_assembly	f__Enterobacteriaceae (UID5139)	119	1169	340	1	1166	2	0	0	0	99.71	0.07	0.00
SRR6986092_assembly	f__Enterobacteriaceae (UID5139)	119	1169	340	1	1166	2	0	0	0	99.71	0.07	0.00
SRR6986177_assembly	f__Enterobacteriaceae (UID5139)	119	1169	340	1	1166	2	0	0	0	99.71	0.07	0.00
SRR6986180_assembly	f__Enterobacteriaceae (UID5139)	119	1169	340	1	1166	2	0	0	0	99.71	0.07	0.00
SRR6986181_assembly	f__Enterobacteriaceae (UID5139)	119	1169	340	25	1142	2	0	0	0	97.16	0.07	0.00
SRR6986336_assembly	f__Enterobacteriaceae (UID5139)	119	1169	340	1	1166	2	0	0	0	99.71	0.07	0.00
SRR6986337_assembly	f__Enterobacteriaceae (UID5139)	119	1169	340	1	1165	3	0	0	0	99.71	0.12	0.00
SRR6986342_assembly	f__Enterobacteriaceae (UID5139)	119	1169	340	1	1166	2	0	0	0	99.71	0.07	0.00
SRR6986344_assembly	f__Enterobacteriaceae (UID5139)	119	1169	340	1	1166	2	0	0	0	99.71	0.07	0.00
SRR6986348_assembly	f__Enterobacteriaceae (UID5139)	119	1169	340	14	1153	2	0	0	0	98.04	0.07	0.00
SRR6986362_assembly	f__Enterobacteriaceae (UID5139)	119	1169	340	1	1166	2	0	0	0	99.71	0.07	0.00
SRR6986365_assembly	f__Enterobacteriaceae (UID5139)	119	1169	340	2	1165	2	0	0	0	99.41	0.07	0.00
SRR6996343_assembly	f__Enterobacteriaceae (UID5139)	119	1169	340	1	1166	2	0	0	0	99.71	0.07	0.00
SRR8041750_assembly	f__Enterobacteriaceae (UID5139)	119	1169	340	1	1166	2	0	0	0	99.71	0.07	0.00
SRR8078634_assembly	f__Enterobacteriaceae (UID5139)	119	1169	340	1	1165	3	0	0	0	99.71	0.15	0.00
SRR8078641_assembly	f__Enterobacteriaceae (UID5139)	119	1169	340	1	1165	3	0	0	0	99.71	0.15	0.00
SRR8078648_assembly	f__Enterobacteriaceae (UID5139)	119	1169	340	1	1165	3	0	0	0	99.71	0.15	0.00
SRR8078654_assembly	f__Enterobacteriaceae (UID5139)	119	1169	340	1	1165	3	0	0	0	99.71	0.15	0.00
SRR8104474_assembly	f__Enterobacteriaceae (UID5139)	119	1169	340	1	1166	2	0	0	0	99.71	0.07	0.00
SRR8136332_assembly	f__Enterobacteriaceae (UID5139)	119	1169	340	1	1166	2	0	0	0	99.71	0.07	0.00
SRR8136483_assembly	f__Enterobacteriaceae (UID5139)	119	1169	340	1	1166	2	0	0	0	99.71	0.07	0.00
SRR8136484_assembly	f__Enterobacteriaceae (UID5139)	119	1169	340	1	1166	2	0	0	0	99.71	0.07	0.00
SRR8136585_assembly	f__Enterobacteriaceae (UID5139)	119	1169	340	1	1166	2	0	0	0	99.71	0.07	0.00
SRR8136668_assembly	f__Enterobacteriaceae (UID5139)	119	1169	340	1	1166	2	0	0	0	99.71	0.07	0.00
SRR8136678_assembly	f__Enterobacteriaceae (UID5139)	119	1169	340	1	1166	2	0	0	0	99.71	0.07	0.00
SRR8136683_assembly	f__Enterobacteriaceae (UID5139)	119	1169	340	1	1166	2	0	0	0	99.71	0.07	0.00
SRR8136931_assembly	f__Enterobacteriaceae (UID5139)	119	1169	340	1	1166	2	0	0	0	99.71	0.07	0.00
SRR8136963_assembly	f__Enterobacteriaceae (UID5139)	119	1169	340	1	1166	2	0	0	0	99.71	0.07	0.00
SRR8136968_assembly	f__Enterobacteriaceae (UID5139)	119	1169	340	1	1166	2	0	0	0	99.71	0.07	0.00
SRR8136970_assembly	f__Enterobacteriaceae (UID5139)	119	1169	340	1	1166	2	0	0	0	99.71	0.07	0.00
SRR8137073_assembly	f__Enterobacteriaceae (UID5139)	119	1169	340	1	1165	3	0	0	0	99.71	0.15	0.00
SRR8157428_assembly	f__Enterobacteriaceae (UID5139)	119	1169	340	1	1166	2	0	0	0	99.71	0.07	0.00
SRR8157429_assembly	f__Enterobacteriaceae (UID5139)	119	1169	340	1	1165	3	0	0	0	99.71	0.15	0.00
SRR8157470_assembly	f__Enterobacteriaceae (UID5139)	119	1169	340	1	1166	2	0	0	0	99.71	0.07	0.00
SRR8157471_assembly	f__Enterobacteriaceae (UID5139)	119	1169	340	1	1165	3	0	0	0	99.71	0.15	0.00
SRR8157475_assembly	f__Enterobacteriaceae (UID5139)	119	1169	340	1	1165	3	0	0	0	99.71	0.15	0.00
SRR8181049_assembly	f__Enterobacteriaceae (UID5139)	119	1169	340	1	1166	2	0	0	0	99.71	0.07	0.00
SRR8181052_assembly	f__Enterobacteriaceae (UID5139)	119	1169	340	1	1166	2	0	0	0	99.71	0.07	0.00
SRR8181054_assembly	f__Enterobacteriaceae (UID5139)	119	1169	340	1	1166	2	0	0	0	99.71	0.07	0.00
SRR8181056_assembly	f__Enterobacteriaceae (UID5139)	119	1169	340	1	1166	2	0	0	0	99.71	0.07	0.00
SRR8200494_assembly	f__Enterobacteriaceae (UID5139)	119	1169	340	1	1166	2	0	0	0	99.71	0.07	0.00
SRR8202274_assembly	f__Enterobacteriaceae (UID5139)	119	1169	340	1	1166	2	0	0	0	99.71	0.07	0.00
SRR8202285_assembly	f__Enterobacteriaceae (UID5139)	119	1169	340	1	1166	2	0	0	0	99.71	0.07	0.00
SRR8202286_assembly	f__Enterobacteriaceae (UID5139)	119	1169	340	1	1166	2	0	0	0	99.71	0.07	0.00
SRR8202307_assembly	f__Enterobacteriaceae (UID5139)	119	1169	340	1	1165	3	0	0	0	99.71	0.15	0.00
SRR8236508_assembly	f__Enterobacteriaceae (UID5139)	119	1169	340	1	1166	2	0	0	0	99.71	0.07	0.00
SRR8236529_assembly	f__Enterobacteriaceae (UID5139)	119	1169	340	1	1166	2	0	0	0	99.71	0.07	0.00
SRR8248798_assembly	f__Enterobacteriaceae (UID5139)	119	1169	340	1	1166	2	0	0	0	99.71	0.07	0.00
SRR8249020_assembly	f__Enterobacteriaceae (UID5139)	119	1169	340	1	1166	2	0	0	0	99.71	0.07	0.00
SRR8261715_assembly	f__Enterobacteriaceae (UID5139)	119	1169	340	1	1166	2	0	0	0	99.71	0.07	0.00
SRR8263925_assembly	f__Enterobacteriaceae (UID5139)	119	1169	340	1	1166	2	0	0	0	99.71	0.07	0.00
SRR8263929_assembly	f__Enterobacteriaceae (UID5139)	119	1169	340	1	1166	2	0	0	0	99.71	0.07	0.00
SRR8270009_assembly	f__Enterobacteriaceae (UID5139)	119	1169	340	1	1165	3	0	0	0	99.71	0.15	0.00
SRR8270012_assembly	f__Enterobacteriaceae (UID5139)	119	1169	340	1	1165	3	0	0	0	99.71	0.15	0.00
SRR8270017_assembly	f__Enterobacteriaceae (UID5139)	119	1169	340	1	1165	3	0	0	0	99.71	0.15	0.00
SRR8270018_assembly	f__Enterobacteriaceae (UID5139)	119	1169	340	1	1166	2	0	0	0	99.71	0.07	0.00
SRR8270022_assembly	f__Enterobacteriaceae (UID5139)	119	1169	340	1	1165	3	0	0	0	99.71	0.15	0.00
SRR8270029_assembly	f__Enterobacteriaceae (UID5139)	119	1169	340	1	1165	3	0	0	0	99.71	0.15	0.00
SRR8270031_assembly	f__Enterobacteriaceae (UID5139)	119	1169	340	1	1165	3	0	0	0	99.71	0.15	0.00
SRR8280066_assembly	f__Enterobacteriaceae (UID5139)	119	1169	340	1	1166	2	0	0	0	99.71	0.07	0.00
SRR8280071_assembly	f__Enterobacteriaceae (UID5139)	119	1169	340	1	1165	3	0	0	0	99.71	0.22	0.00
SRR8280236_assembly	f__Enterobacteriaceae (UID5139)	119	1169	340	1	1166	2	0	0	0	99.71	0.07	0.00
SRR8297625_assembly	f__Enterobacteriaceae (UID5139)	119	1169	340	1	1164	4	0	0	0	99.71	0.29	0.00
SRR8303430_assembly	f__Enterobacteriaceae (UID5139)	119	1169	340	1	1166	2	0	0	0	99.71	0.07	0.00
SRR8310781_assembly	f__Enterobacteriaceae (UID5139)	119	1169	340	1	1165	3	0	0	0	99.71	0.15	0.00
SRR8310801_assembly	f__Enterobacteriaceae (UID5139)	119	1169	340	1	1165	3	0	0	0	99.71	0.15	0.00
SRR8310831_assembly	f__Enterobacteriaceae (UID5139)	119	1169	340	1	1165	3	0	0	0	99.71	0.15	0.00
SRR8315386_assembly	f__Enterobacteriaceae (UID5139)	119	1169	340	1	1166	2	0	0	0	99.71	0.07	0.00
SRR8321804_assembly	f__Enterobacteriaceae (UID5139)	119	1169	340	1	1165	3	0	0	0	99.71	0.15	0.00
SRR8322000_assembly	f__Enterobacteriaceae (UID5139)	119	1169	340	1	1165	3	0	0	0	99.71	0.15	0.00
SRR8322005_assembly	f__Enterobacteriaceae (UID5139)	119	1169	340	1	1165	3	0	0	0	99.71	0.15	0.00
SRR8364697_assembly	f__Enterobacteriaceae (UID5139)	119	1169	340	1	1166	2	0	0	0	99.71	0.07	0.00
SRR8365012_assembly	f__Enterobacteriaceae (UID5139)	119	1169	340	1	1165	3	0	0	0	99.71	0.15	0.00
SRR8365017_assembly	f__Enterobacteriaceae (UID5139)	119	1169	340	1	1165	3	0	0	0	99.71	0.15	0.00
SRR8369858_assembly	f__Enterobacteriaceae (UID5139)	119	1169	340	1	1165	3	0	0	0	99.71	0.11	0.00
SRR8381532_assembly	f__Enterobacteriaceae (UID5139)	119	1169	340	1	1166	2	0	0	0	99.71	0.07	0.00
SRR8381573_assembly	f__Enterobacteriaceae (UID5139)	119	1169	340	1	1166	2	0	0	0	99.71	0.07	0.00
SRR8381575_assembly	f__Enterobacteriaceae (UID5139)	119	1169	340	1	1165	3	0	0	0	99.71	0.15	0.00
SRR8397786_assembly	f__Enterobacteriaceae (UID5139)	119	1169	340	1	1165	3	0	0	0	99.71	0.15	0.00
SRR8397790_assembly	f__Enterobacteriaceae (UID5139)	119	1169	340	1	1165	3	0	0	0	99.71	0.15	0.00
SRR8397792_assembly	f__Enterobacteriaceae (UID5139)	119	1169	340	1	1165	3	0	0	0	99.71	0.15	0.00
SRR8397793_assembly	f__Enterobacteriaceae (UID5139)	119	1169	340	1	1165	3	0	0	0	99.71	0.15	0.00
SRR8397795_assembly	f__Enterobacteriaceae (UID5139)	119	1169	340	2	1164	3	0	0	0	99.41	0.15	0.00
SRR8430245_assembly	f__Enterobacteriaceae (UID5139)	119	1169	340	1	1165	3	0	0	0	99.71	0.15	0.00
SRR8430262_assembly	f__Enterobacteriaceae (UID5139)	119	1169	340	1	1165	3	0	0	0	99.71	0.15	0.00
SRR8430267_assembly	f__Enterobacteriaceae (UID5139)	119	1169	340	1	1165	3	0	0	0	99.71	0.15	0.00
SRR8430268_assembly	f__Enterobacteriaceae (UID5139)	119	1169	340	1	1165	3	0	0	0	99.71	0.15	0.00
SRR8430269_assembly	f__Enterobacteriaceae (UID5139)	119	1169	340	1	1165	3	0	0	0	99.71	0.15	0.00
SRR8434620_assembly	f__Enterobacteriaceae (UID5139)	119	1168	340	2	1162	4	0	0	0	99.65	0.21	0.00
SRR8434622_assembly	f__Enterobacteriaceae (UID5139)	119	1168	340	0	1164	4	0	0	0	100.00	0.21	0.00
SRR8434625_assembly	f__Enterobacteriaceae (UID5139)	119	1168	340	0	1164	4	0	0	0	100.00	0.21	0.00
SRR8434629_assembly	f__Enterobacteriaceae (UID5139)	119	1168	340	0	1164	4	0	0	0	100.00	0.21	0.00
SRR8434645_assembly	f__Enterobacteriaceae (UID5139)	119	1168	340	1	1163	4	0	0	0	99.71	0.21	0.00
SRR8434648_assembly	f__Enterobacteriaceae (UID5139)	119	1168	340	0	1164	4	0	0	0	100.00	0.21	0.00
SRR8434650_assembly	f__Enterobacteriaceae (UID5139)	119	1168	340	0	1164	4	0	0	0	100.00	0.21	0.00
SRR8434652_assembly	f__Enterobacteriaceae (UID5139)	119	1168	340	0	1164	4	0	0	0	100.00	0.21	0.00
SRR8434655_assembly	f__Enterobacteriaceae (UID5139)	119	1168	340	0	1164	4	0	0	0	100.00	0.21	0.00
SRR8434657_assembly	f__Enterobacteriaceae (UID5139)	119	1168	340	1	1163	4	0	0	0	99.71	0.21	0.00
SRR8434660_assembly	f__Enterobacteriaceae (UID5139)	119	1168	340	1	1163	4	0	0	0	99.71	0.21	0.00
SRR8434662_assembly	f__Enterobacteriaceae (UID5139)	119	1168	340	0	1164	4	0	0	0	100.00	0.21	0.00
SRR8434663_assembly	f__Enterobacteriaceae (UID5139)	119	1168	340	0	1164	4	0	0	0	100.00	0.21	0.00
SRR8434664_assembly	f__Enterobacteriaceae (UID5139)	119	1168	340	1	1163	4	0	0	0	99.94	0.21	0.00
SRR8434669_assembly	f__Enterobacteriaceae (UID5139)	119	1168	340	0	1164	4	0	0	0	100.00	0.21	0.00
SRR8434670_assembly	f__Enterobacteriaceae (UID5139)	119	1168	340	0	1164	4	0	0	0	100.00	0.21	0.00
SRR8434671_assembly	f__Enterobacteriaceae (UID5139)	119	1168	340	1	1163	4	0	0	0	99.71	0.21	0.00
SRR8434674_assembly	f__Enterobacteriaceae (UID5139)	119	1168	340	0	1164	4	0	0	0	100.00	0.21	0.00
SRR8434676_assembly	f__Enterobacteriaceae (UID5139)	119	1168	340	0	1164	4	0	0	0	100.00	0.21	0.00
SRR8434679_assembly	f__Enterobacteriaceae (UID5139)	119	1168	340	0	1164	4	0	0	0	100.00	0.21	0.00
SRR8434680_assembly	f__Enterobacteriaceae (UID5139)	119	1168	340	0	1164	4	0	0	0	100.00	0.21	0.00
SRR8434707_assembly	f__Enterobacteriaceae (UID5139)	119	1168	340	0	1164	4	0	0	0	100.00	0.21	0.00
SRR8434728_assembly	f__Enterobacteriaceae (UID5139)	119	1168	340	0	1164	4	0	0	0	100.00	0.21	0.00
SRR8434730_assembly	f__Enterobacteriaceae (UID5139)	119	1168	340	1	1163	4	0	0	0	99.71	0.21	0.00
SRR8434731_assembly	f__Enterobacteriaceae (UID5139)	119	1168	340	0	1164	4	0	0	0	100.00	0.21	0.00
SRR8434739_assembly	f__Enterobacteriaceae (UID5139)	119	1168	340	0	1164	4	0	0	0	100.00	0.21	0.00
SRR8434741_assembly	f__Enterobacteriaceae (UID5139)	119	1168	340	0	1164	4	0	0	0	100.00	0.21	0.00
SRR8434742_assembly	f__Enterobacteriaceae (UID5139)	119	1168	340	0	1164	4	0	0	0	100.00	0.21	0.00
SRR8434751_assembly	f__Enterobacteriaceae (UID5139)	119	1168	340	0	1164	4	0	0	0	100.00	0.21	0.00
SRR8434753_assembly	f__Enterobacteriaceae (UID5139)	119	1168	340	0	1164	4	0	0	0	100.00	0.21	0.00
SRR8434888_assembly	f__Enterobacteriaceae (UID5139)	119	1168	340	0	1164	4	0	0	0	100.00	0.21	0.00
SRR8495066_assembly	f__Enterobacteriaceae (UID5139)	119	1169	340	1	1165	3	0	0	0	99.71	0.15	0.00
SRR8503366_assembly	f__Enterobacteriaceae (UID5139)	119	1169	340	1	1166	2	0	0	0	99.71	0.07	0.00
SRR8503367_assembly	f__Enterobacteriaceae (UID5139)	119	1169	340	1	1166	2	0	0	0	99.71	0.07	0.00
SRR8543078_assembly	f__Enterobacteriaceae (UID5139)	119	1169	340	1	1165	3	0	0	0	99.71	0.15	0.00
SRR8544143_assembly	f__Enterobacteriaceae (UID5139)	119	1169	340	0	1166	3	0	0	0	100.00	0.13	0.00
SRR8548552_assembly	f__Enterobacteriaceae (UID5139)	119	1169	340	1	1166	2	0	0	0	99.71	0.07	0.00
SRR8551915_assembly	f__Enterobacteriaceae (UID5139)	119	1169	340	1	1165	3	0	0	0	99.71	0.15	0.00
SRR8556308_assembly	f__Enterobacteriaceae (UID5139)	119	1169	340	1	1166	2	0	0	0	99.71	0.07	0.00
SRR8570201_assembly	f__Enterobacteriaceae (UID5139)	119	1169	340	1	1165	3	0	0	0	99.71	0.22	0.00
SRR8592463_assembly	f__Enterobacteriaceae (UID5139)	119	1169	340	1	1166	2	0	0	0	99.71	0.07	0.00
SRR8592510_assembly	f__Enterobacteriaceae (UID5139)	119	1169	340	1	1166	2	0	0	0	99.71	0.07	0.00
SRR8593407_assembly	f__Enterobacteriaceae (UID5139)	119	1169	340	1	1166	2	0	0	0	99.71	0.07	0.00
SRR8597270_assembly	f__Enterobacteriaceae (UID5139)	119	1168	340	0	1164	4	0	0	0	100.00	0.21	0.00
SRR8597273_assembly	f__Enterobacteriaceae (UID5139)	119	1168	340	0	1164	4	0	0	0	100.00	0.21	0.00
SRR8597276_assembly	f__Enterobacteriaceae (UID5139)	119	1168	340	0	1164	4	0	0	0	100.00	0.21	0.00
SRR8597288_assembly	f__Enterobacteriaceae (UID5139)	119	1168	340	0	1164	4	0	0	0	100.00	0.21	0.00
SRR8606657_assembly	f__Enterobacteriaceae (UID5139)	119	1169	340	1	1166	2	0	0	0	99.71	0.07	0.00
SRR8707440_assembly	f__Enterobacteriaceae (UID5139)	119	1169	340	1	1165	3	0	0	0	99.71	0.15	0.00
SRR8707448_assembly	f__Enterobacteriaceae (UID5139)	119	1169	340	2	1164	3	0	0	0	99.41	0.15	0.00
SRR8707450_assembly	f__Enterobacteriaceae (UID5139)	119	1169	340	1	1166	2	0	0	0	99.71	0.07	0.00
SRR8707451_assembly	f__Enterobacteriaceae (UID5139)	119	1169	340	1	1166	2	0	0	0	99.71	0.07	0.00
SRR8728065_assembly	f__Enterobacteriaceae (UID5139)	119	1169	340	1	1164	4	0	0	0	99.71	0.29	0.00
SRR8728075_assembly	f__Enterobacteriaceae (UID5139)	119	1169	340	1	1166	2	0	0	0	99.71	0.07	0.00
SRR8751435_assembly	f__Enterobacteriaceae (UID5139)	119	1169	340	1	1166	2	0	0	0	99.71	0.07	0.00
SRR8751447_assembly	f__Enterobacteriaceae (UID5139)	119	1169	340	1	1166	2	0	0	0	99.71	0.07	0.00
SRR8783694_assembly	f__Enterobacteriaceae (UID5139)	119	1169	340	2	1164	3	0	0	0	99.41	0.15	0.00
SRR8783964_assembly	f__Enterobacteriaceae (UID5139)	119	1169	340	1	1166	2	0	0	0	99.71	0.07	0.00
SRR8793567_assembly	f__Enterobacteriaceae (UID5139)	119	1169	340	5	1162	2	0	0	0	99.26	0.07	0.00
SRR8793602_assembly	f__Enterobacteriaceae (UID5139)	119	1169	340	11	1156	2	0	0	0	98.82	0.07	0.00
SRR8795505_assembly	f__Enterobacteriaceae (UID5139)	119	1169	340	1	1166	2	0	0	0	99.71	0.07	0.00
SRR8795507_assembly	f__Enterobacteriaceae (UID5139)	119	1169	340	1	1166	2	0	0	0	99.71	0.07	0.00
SRR8795513_assembly	f__Enterobacteriaceae (UID5139)	119	1169	340	1	1166	2	0	0	0	99.71	0.07	0.00
SRR8795517_assembly	f__Enterobacteriaceae (UID5139)	119	1169	340	1	1166	2	0	0	0	99.71	0.07	0.00
SRR8815970_assembly	f__Enterobacteriaceae (UID5139)	119	1169	340	1	1166	2	0	0	0	99.71	0.07	0.00
SRR8839669_assembly	f__Enterobacteriaceae (UID5139)	119	1169	340	1	1166	2	0	0	0	99.71	0.07	0.00
SRR8841109_assembly	f__Enterobacteriaceae (UID5139)	119	1168	340	0	1164	4	0	0	0	100.00	0.21	0.00
SRR8863423_assembly	f__Enterobacteriaceae (UID5139)	119	1169	340	1	1165	3	0	0	0	99.71	0.15	0.00
SRR8864221_assembly	f__Enterobacteriaceae (UID5139)	119	1169	340	1	1165	3	0	0	0	99.71	0.15	0.00
SRR8888394_assembly	f__Enterobacteriaceae (UID5139)	119	1169	340	1	1166	2	0	0	0	99.71	0.07	0.00
SRR8889049_assembly	f__Enterobacteriaceae (UID5139)	119	1169	340	1	1166	2	0	0	0	99.71	0.07	0.00
SRR8926572_assembly	f__Enterobacteriaceae (UID5139)	119	1169	340	1	1166	2	0	0	0	99.71	0.07	0.00
SRR8942736_assembly	f__Enterobacteriaceae (UID5139)	119	1169	340	1	1165	3	0	0	0	99.71	0.15	0.00
SRR8950552_assembly	f__Enterobacteriaceae (UID5139)	119	1169	340	1	1166	2	0	0	0	99.71	0.07	0.00
SRR8979003_assembly	f__Enterobacteriaceae (UID5139)	119	1169	340	1	1166	2	0	0	0	99.71	0.07	0.00
SRR8979069_assembly	f__Enterobacteriaceae (UID5139)	119	1169	340	1	1165	3	0	0	0	99.71	0.15	0.00
SRR8984656_assembly	f__Enterobacteriaceae (UID5139)	119	1169	340	1	1166	2	0	0	0	99.71	0.07	0.00
SRR8997327_assembly	f__Enterobacteriaceae (UID5139)	119	1169	340	1	1166	2	0	0	0	99.71	0.07	0.00
